PRAGMA foreign_keys=OFF;
BEGIN TRANSACTION;
CREATE TABLE IF NOT EXISTS "migrations" ("id" integer primary key autoincrement not null, "migration" varchar not null, "batch" integer not null);
INSERT INTO migrations VALUES(1,'0001_01_01_000001_create_cache_table',1);
INSERT INTO migrations VALUES(2,'0001_01_01_000002_create_jobs_table',1);
INSERT INTO migrations VALUES(3,'2014_10_12_000000_create_users_table',1);
INSERT INTO migrations VALUES(4,'2025_07_02_222159_create_personal_access_tokens_table',1);
INSERT INTO migrations VALUES(5,'2025_07_02_222336_create_sessions_table',2);
INSERT INTO migrations VALUES(6,'2025_07_02_223928_create_companies_table',3);
INSERT INTO migrations VALUES(7,'2025_07_02_223939_create_customs_declarations_table',3);
INSERT INTO migrations VALUES(8,'2025_07_02_223950_create_merchandise_table',3);
INSERT INTO migrations VALUES(9,'2025_07_02_223955_create_api_logs_table',3);
INSERT INTO migrations VALUES(10,'2025_07_03_162459_create_tickets_table',4);
INSERT INTO migrations VALUES(11,'2025_07_03_213014_create_permission_tables',5);
INSERT INTO migrations VALUES(12,'2025_07_12_230509_create_operadors_table',6);
INSERT INTO migrations VALUES(13,'2025_08_05_161507_create_empresa_transportistas_table',7);
INSERT INTO migrations VALUES(14,'2025_08_05_161512_create_tipo_contenedors_table',7);
INSERT INTO migrations VALUES(15,'2025_08_05_161527_create_aduana_chiles_table',7);
INSERT INTO migrations VALUES(16,'2025_08_05_161534_create_lugar_depositos_table',7);
INSERT INTO migrations VALUES(17,'2025_08_05_163708_create_tatcs_table',8);
INSERT INTO migrations VALUES(18,'2025_08_05_163723_create_tstcs_table',8);
INSERT INTO migrations VALUES(20,'2025_08_05_175556_create_contenedors_table',9);
INSERT INTO migrations VALUES(21,'2025_08_11_161525_add_operador_id_to_users_table',10);
INSERT INTO migrations VALUES(22,'2025_08_11_201745_add_fields_to_users_table',11);
INSERT INTO migrations VALUES(24,'2025_08_11_224410_simplify_tipo_contenedors_table',12);
INSERT INTO migrations VALUES(25,'2025_08_11_234630_update_contenedors_table_for_mitac_form',12);
INSERT INTO migrations VALUES(26,'2025_08_12_035404_add_additional_fields_to_contenedors_table',13);
INSERT INTO migrations VALUES(27,'2025_08_12_175117_update_tatcs_table_for_mitac_form',14);
INSERT INTO migrations VALUES(28,'2025_08_13_204944_create_tatc_historials_table',15);
INSERT INTO migrations VALUES(29,'2025_08_14_042533_create_tstc_historials_table',16);
INSERT INTO migrations VALUES(30,'2025_08_14_123621_update_tstcs_table_for_mitac_form',17);
INSERT INTO migrations VALUES(33,'2025_08_14_124906_create_salidas_table',18);
CREATE TABLE IF NOT EXISTS "cache" ("key" varchar not null, "value" text not null, "expiration" integer not null, primary key ("key"));
INSERT INTO cache VALUES('laravel_cache_spatie.permission.cache','a:3:{s:5:"alias";a:4:{s:1:"a";s:2:"id";s:1:"b";s:4:"name";s:1:"c";s:10:"guard_name";s:1:"r";s:5:"roles";}s:11:"permissions";a:7:{i:0;a:3:{s:1:"a";i:1;s:1:"b";s:11:"ver tickets";s:1:"c";s:3:"web";}i:1;a:3:{s:1:"a";i:2;s:1:"b";s:14:"editar tickets";s:1:"c";s:3:"web";}i:2;a:4:{s:1:"a";i:3;s:1:"b";s:13:"ver logistica";s:1:"c";s:3:"web";s:1:"r";a:1:{i:0;i:1;}}i:3;a:4:{s:1:"a";i:4;s:1:"b";s:15:"crear logistica";s:1:"c";s:3:"web";s:1:"r";a:1:{i:0;i:1;}}i:4;a:4:{s:1:"a";i:5;s:1:"b";s:16:"editar logistica";s:1:"c";s:3:"web";s:1:"r";a:1:{i:0;i:1;}}i:5;a:4:{s:1:"a";i:6;s:1:"b";s:18:"eliminar logistica";s:1:"c";s:3:"web";s:1:"r";a:1:{i:0;i:1;}}i:6;a:4:{s:1:"a";i:7;s:1:"b";s:14:"ver inventario";s:1:"c";s:3:"web";s:1:"r";a:1:{i:0;i:1;}}}s:5:"roles";a:1:{i:0;a:3:{s:1:"a";i:1;s:1:"b";s:5:"admin";s:1:"c";s:3:"web";}}}',1755297280);
CREATE TABLE IF NOT EXISTS "cache_locks" ("key" varchar not null, "owner" varchar not null, "expiration" integer not null, primary key ("key"));
CREATE TABLE IF NOT EXISTS "jobs" ("id" integer primary key autoincrement not null, "queue" varchar not null, "payload" text not null, "attempts" integer not null, "reserved_at" integer, "available_at" integer not null, "created_at" integer not null);
CREATE TABLE IF NOT EXISTS "job_batches" ("id" varchar not null, "name" varchar not null, "total_jobs" integer not null, "pending_jobs" integer not null, "failed_jobs" integer not null, "failed_job_ids" text not null, "options" text, "cancelled_at" integer, "created_at" integer not null, "finished_at" integer, primary key ("id"));
CREATE TABLE IF NOT EXISTS "failed_jobs" ("id" integer primary key autoincrement not null, "uuid" varchar not null, "connection" text not null, "queue" text not null, "payload" text not null, "exception" text not null, "failed_at" datetime not null default CURRENT_TIMESTAMP);
CREATE TABLE IF NOT EXISTS "personal_access_tokens" ("id" integer primary key autoincrement not null, "tokenable_type" varchar not null, "tokenable_id" integer not null, "name" varchar not null, "token" varchar not null, "abilities" text, "last_used_at" datetime, "expires_at" datetime, "created_at" datetime, "updated_at" datetime);
CREATE TABLE IF NOT EXISTS "sessions" ("id" varchar not null, "user_id" integer, "ip_address" varchar, "user_agent" text, "payload" text not null, "last_activity" integer not null, primary key ("id"));
INSERT INTO sessions VALUES('vRUYx0usoQFEK4bAEcl5XoJQPjn0wAfdGyynDVIb',2,'127.0.0.1','Mozilla/5.0 (Macintosh; Intel Mac OS X 10_15_7) AppleWebKit/537.36 (KHTML, like Gecko) Chrome/139.0.0.0 Safari/537.36','YTo1OntzOjY6Il90b2tlbiI7czo0MDoia1dFaUdQQVdoTUt1UjNaRXlGTjM4VWY3Q2ZBWlM0cjFUVm1zZUFuViI7czozOiJ1cmwiO2E6MTp7czo4OiJpbnRlbmRlZCI7czozMjoiaHR0cDovL2FkbWluLWJhc2UudGVzdC9kYXNoYm9hcmQiO31zOjY6Il9mbGFzaCI7YToyOntzOjM6Im9sZCI7YTowOnt9czozOiJuZXciO2E6MDp7fX1zOjk6Il9wcmV2aW91cyI7YToxOntzOjM6InVybCI7czozNDoiaHR0cDovL2FkbWluLWJhc2UudGVzdC90YXRjLzEvZWRpdCI7fXM6NTA6ImxvZ2luX3dlYl81OWJhMzZhZGRjMmIyZjk0MDE1ODBmMDE0YzdmNThlYTRlMzA5ODlkIjtpOjI7fQ==',1755121153);
INSERT INTO sessions VALUES('96HN0VedkXUncCTHuRb4eRY6jpCwgzEj9qrL59n0',2,'127.0.0.1','Mozilla/5.0 (Macintosh; Intel Mac OS X 10_15_7) AppleWebKit/537.36 (KHTML, like Gecko) Chrome/139.0.0.0 Safari/537.36','YTo1OntzOjY6Il90b2tlbiI7czo0MDoiZ0U2UG1XTnY2SGRRb3B3NGZaR29VblkxRkJiQVl0RlE4QkZqUkFmdCI7czozOiJ1cmwiO2E6MTp7czo4OiJpbnRlbmRlZCI7czozNDoiaHR0cDovL2FkbWluLWJhc2UudGVzdC90YXRjLzEvZWRpdCI7fXM6OToiX3ByZXZpb3VzIjthOjE6e3M6MzoidXJsIjtzOjI5OiJodHRwOi8vYWRtaW4tYmFzZS50ZXN0L3RhdGMvMSI7fXM6NjoiX2ZsYXNoIjthOjI6e3M6Mzoib2xkIjthOjA6e31zOjM6Im5ldyI7YTowOnt9fXM6NTA6ImxvZ2luX3dlYl81OWJhMzZhZGRjMmIyZjk0MDE1ODBmMDE0YzdmNThlYTRlMzA5ODlkIjtpOjI7fQ==',1755131737);
INSERT INTO sessions VALUES('gD9bm7pcryQiJG68AxmCkrR55CVs0EElNsQ7xjwe',2,'127.0.0.1','Mozilla/5.0 (Macintosh; Intel Mac OS X 10_15_7) AppleWebKit/537.36 (KHTML, like Gecko) Chrome/139.0.0.0 Safari/537.36','YTo1OntzOjY6Il90b2tlbiI7czo0MDoidFhLeWhocWd3Wmg2ZDEzTFFFYVJDTE4xRXNWTjM3V2NsenJYTHB2diI7czozOiJ1cmwiO2E6MTp7czo4OiJpbnRlbmRlZCI7czozNjoiaHR0cDovL2FkbWluLWJhc2UudGVzdC90YXRjLWNvbnN1bHRhIjt9czo5OiJfcHJldmlvdXMiO2E6MTp7czozOiJ1cmwiO3M6MzQ6Imh0dHA6Ly9hZG1pbi1iYXNlLnRlc3QvdGF0Yy8yL2VkaXQiO31zOjY6Il9mbGFzaCI7YToyOntzOjM6Im9sZCI7YTowOnt9czozOiJuZXciO2E6MDp7fX1zOjUwOiJsb2dpbl93ZWJfNTliYTM2YWRkYzJiMmY5NDAxNTgwZjAxNGM3ZjU4ZWE0ZTMwOTg5ZCI7aToyO30=',1755150655);
INSERT INTO sessions VALUES('nwawkAv8PEz0bLj1yx4uejegN3mGU4jzMKPSzpkf',2,'127.0.0.1','Mozilla/5.0 (Macintosh; Intel Mac OS X 10_15_7) AppleWebKit/537.36 (KHTML, like Gecko) Chrome/139.0.0.0 Safari/537.36','YTo1OntzOjY6Il90b2tlbiI7czo0MDoiOTh5SlNnTmJhV1lpamFKSmx5NTdZZDJHRVNUcExGdmpNYndvWXh6UyI7czozOiJ1cmwiO2E6MTp7czo4OiJpbnRlbmRlZCI7czozNDoiaHR0cDovL2FkbWluLWJhc2UudGVzdC90c3RjL2NyZWF0ZSI7fXM6OToiX3ByZXZpb3VzIjthOjE6e3M6MzoidXJsIjtzOjM3OiJodHRwOi8vYWRtaW4tYmFzZS50ZXN0L3NhbGlkYXMvY3JlYXRlIjt9czo2OiJfZmxhc2giO2E6Mjp7czozOiJvbGQiO2E6MDp7fXM6MzoibmV3IjthOjA6e319czo1MDoibG9naW5fd2ViXzU5YmEzNmFkZGMyYjJmOTQwMTU4MGYwMTRjN2Y1OGVhNGUzMDk4OWQiO2k6Mjt9',1755184699);
INSERT INTO sessions VALUES('U1j5RcPqrG7UwRrPmmIHwHbSc3mhlPPLKpyZIqDr',2,'127.0.0.1','Mozilla/5.0 (Macintosh; Intel Mac OS X 10_15_7) AppleWebKit/537.36 (KHTML, like Gecko) Chrome/139.0.0.0 Safari/537.36','YTo1OntzOjY6Il90b2tlbiI7czo0MDoick90cEVuMWpZbU9ueTlxN1V0SjdDUUg4MkxVOWt1aEt3UWlDcFZ6NiI7czozOiJ1cmwiO2E6MTp7czo4OiJpbnRlbmRlZCI7czozNDoiaHR0cDovL2FkbWluLWJhc2UudGVzdC90c3RjL2NyZWF0ZSI7fXM6OToiX3ByZXZpb3VzIjthOjE6e3M6MzoidXJsIjtzOjM0OiJodHRwOi8vYWRtaW4tYmFzZS50ZXN0L3RzdGMvY3JlYXRlIjt9czo2OiJfZmxhc2giO2E6Mjp7czozOiJvbGQiO2E6MDp7fXM6MzoibmV3IjthOjA6e319czo1MDoibG9naW5fd2ViXzU5YmEzNmFkZGMyYjJmOTQwMTU4MGYwMTRjN2Y1OGVhNGUzMDk4OWQiO2k6Mjt9',1755221678);
CREATE TABLE IF NOT EXISTS "companies" ("id" integer primary key autoincrement not null, "name" varchar not null, "rut" varchar not null, "address" varchar not null, "city" varchar not null, "phone" varchar not null, "email" varchar not null, "contact_person" varchar not null, "contact_phone" varchar not null, "contact_email" varchar not null, "is_active" tinyint(1) not null default '1', "notes" text, "created_at" datetime, "updated_at" datetime);
INSERT INTO companies VALUES(1,'Importadora Ejemplo S.A.','76.123.456-7','Av. Providencia 1234','Santiago','+56 2 2345 6789','contacto@importadoraejemplo.cl','Juan Pérez','+56 9 8765 4321','juan.perez@importadoraejemplo.cl',1,'Empresa de ejemplo para pruebas del sistema Hermes','2025-07-02 22:43:03','2025-07-02 22:43:03');
INSERT INTO companies VALUES(2,'Comercial Internacional Ltda.','78.987.654-3','Las Condes 5678','Santiago','+56 2 3456 7890','info@comercialinternacional.cl','María González','+56 9 1234 5678','maria.gonzalez@comercialinternacional.cl',1,'Empresa especializada en importaciones de tecnología','2025-07-02 22:43:03','2025-07-02 22:43:03');
CREATE TABLE IF NOT EXISTS "customs_declarations" ("id" integer primary key autoincrement not null, "company_id" integer not null, "user_id" integer not null, "declaration_number" varchar not null, "document_type" varchar not null, "status" varchar not null default 'draft', "declaration_date" date not null, "customs_office" varchar not null, "transport_mode" varchar not null, "container_number" varchar, "bill_of_lading" varchar, "total_value" numeric not null, "total_weight" numeric not null, "description" text not null, "hermes_message" text, "hermes_response" text, "sent_to_hermes_at" datetime, "hermes_processed_at" datetime, "notes" text, "created_at" datetime, "updated_at" datetime, foreign key("company_id") references "companies"("id") on delete cascade, foreign key("user_id") references "users"("id") on delete cascade);
CREATE TABLE IF NOT EXISTS "merchandise" ("id" integer primary key autoincrement not null, "customs_declaration_id" integer not null, "item_number" varchar not null, "description" varchar not null, "hs_code" varchar not null, "origin_country" varchar not null, "quantity" numeric not null, "unit_of_measure" varchar not null, "unit_value" numeric not null, "total_value" numeric not null, "weight" numeric not null, "brand" varchar, "model" varchar, "additional_info" text, "created_at" datetime, "updated_at" datetime, foreign key("customs_declaration_id") references "customs_declarations"("id") on delete cascade);
CREATE TABLE IF NOT EXISTS "api_logs" ("id" integer primary key autoincrement not null, "customs_declaration_id" integer, "endpoint" varchar not null, "method" varchar not null, "request_data" text, "response_data" text, "response_code" integer, "status" varchar not null, "error_message" text, "sent_at" datetime not null, "received_at" datetime, "response_time_ms" integer, "created_at" datetime, "updated_at" datetime, foreign key("customs_declaration_id") references "customs_declarations"("id") on delete cascade);
CREATE TABLE IF NOT EXISTS "tickets" ("id" integer primary key autoincrement not null, "titulo" varchar not null, "descripcion" text not null, "estado" varchar check ("estado" in ('nuevo', 'en_proceso', 'cerrado')) not null default 'nuevo', "user_id" integer not null, "asignado_a" integer, "created_at" datetime, "updated_at" datetime, foreign key("user_id") references "users"("id") on delete cascade, foreign key("asignado_a") references "users"("id") on delete set null);
INSERT INTO tickets VALUES(1,'articulo 1','easto es una prueba 222','nuevo',2,NULL,'2025-07-03 17:29:01','2025-07-11 17:10:50');
INSERT INTO tickets VALUES(2,'prueba 2','pruweba ticket 2','nuevo',2,NULL,'2025-08-12 04:27:16','2025-08-12 04:27:16');
CREATE TABLE IF NOT EXISTS "permissions" ("id" integer primary key autoincrement not null, "name" varchar not null, "guard_name" varchar not null, "created_at" datetime, "updated_at" datetime);
INSERT INTO permissions VALUES(1,'ver tickets','web','2025-07-04 19:21:46','2025-07-04 19:21:46');
INSERT INTO permissions VALUES(2,'editar tickets','web','2025-07-04 19:22:01','2025-07-04 19:22:01');
INSERT INTO permissions VALUES(3,'ver logistica','web','2025-08-12 16:45:32','2025-08-12 16:45:32');
INSERT INTO permissions VALUES(4,'crear logistica','web','2025-08-12 16:45:32','2025-08-12 16:45:32');
INSERT INTO permissions VALUES(5,'editar logistica','web','2025-08-12 16:45:32','2025-08-12 16:45:32');
INSERT INTO permissions VALUES(6,'eliminar logistica','web','2025-08-12 16:45:32','2025-08-12 16:45:32');
INSERT INTO permissions VALUES(7,'ver inventario','web','2025-08-12 16:45:32','2025-08-12 16:45:32');
CREATE TABLE IF NOT EXISTS "roles" ("id" integer primary key autoincrement not null, "name" varchar not null, "guard_name" varchar not null, "created_at" datetime, "updated_at" datetime);
INSERT INTO roles VALUES(1,'admin','web','2025-07-04 19:21:46','2025-07-04 19:21:46');
INSERT INTO roles VALUES(2,'operario','web','2025-07-04 19:21:46','2025-07-04 19:21:46');
CREATE TABLE IF NOT EXISTS "model_has_permissions" ("permission_id" integer not null, "model_type" varchar not null, "model_id" integer not null, foreign key("permission_id") references "permissions"("id") on delete cascade, primary key ("permission_id", "model_id", "model_type"));
INSERT INTO model_has_permissions VALUES(1,'App\Models\User',1);
INSERT INTO model_has_permissions VALUES(1,'App\Models\User',2);
INSERT INTO model_has_permissions VALUES(2,'App\Models\User',2);
CREATE TABLE IF NOT EXISTS "model_has_roles" ("role_id" integer not null, "model_type" varchar not null, "model_id" integer not null, foreign key("role_id") references "roles"("id") on delete cascade, primary key ("role_id", "model_id", "model_type"));
INSERT INTO model_has_roles VALUES(1,'App\Models\User',2);
INSERT INTO model_has_roles VALUES(2,'App\Models\User',1);
CREATE TABLE IF NOT EXISTS "role_has_permissions" ("permission_id" integer not null, "role_id" integer not null, foreign key("permission_id") references "permissions"("id") on delete cascade, foreign key("role_id") references "roles"("id") on delete cascade, primary key ("permission_id", "role_id"));
INSERT INTO role_has_permissions VALUES(3,1);
INSERT INTO role_has_permissions VALUES(4,1);
INSERT INTO role_has_permissions VALUES(5,1);
INSERT INTO role_has_permissions VALUES(6,1);
INSERT INTO role_has_permissions VALUES(7,1);
CREATE TABLE IF NOT EXISTS "operadors" ("id" integer primary key autoincrement not null, "codigo" varchar not null, "rut_operador" varchar not null, "nombre_operador" varchar not null, "nombre_fantasia" varchar, "direccion_operador" varchar, "resolucion_operador" varchar, "logo_operador" varchar, "firma_operador" varchar, "rut_representante" varchar, "nombre_representante" varchar, "cargo_representante" varchar, "estado" varchar check ("estado" in ('Activo', 'Inactivo')) not null default 'Activo', "fecha_creacion" date, "fecha_actualizacion" datetime, "usuario_id" integer, "nombre_remitente" varchar, "email_remitente" varchar, "email_copia" varchar, "valida_ingreso_aduana" tinyint(1) not null default '0', "email_notificaciones" varchar, "created_at" datetime, "updated_at" datetime, foreign key("usuario_id") references "users"("id") on delete set null);
INSERT INTO operadors VALUES(1,'S46','76666087-8','Contenedores Tomas Dagnino Vicencio  E.I.R.L.','CONTENEDORES DAVI E.I.R.L.','Julio Fossa Calderon 190, Viña del Mar','Res. Nro. 2635 del 26/08/2020','logos/DCaYB5fXRskoC1Pe8zYw62tszHiYEcwxSk3j5QmS.jpg','firmas/RsqSXHBrE3X2HFX8dfLYehJ1fSv4pPbQCmRigRKj.jpg','17119371-0','Tomas Dagnino Vicencio','Gerente General','Activo','2025-08-11 15:29:40','2025-08-11 15:29:40',2,'CONTENEDORES DAVI E.I.R.L.','davicontainer@gmail.com',NULL,1,'gtarifeno@gmail.com','2025-08-11 15:29:40','2025-08-11 15:29:40');
CREATE TABLE IF NOT EXISTS "empresa_transportistas" ("id" integer primary key autoincrement not null, "nombre_empresa" varchar not null, "rut_empresa" varchar not null, "direccion" varchar, "ciudad" varchar, "telefono" varchar, "email" varchar, "contacto_persona" varchar, "contacto_telefono" varchar, "contacto_email" varchar, "estado" varchar check ("estado" in ('Activo', 'Inactivo')) not null default 'Activo', "observaciones" text, "created_at" datetime, "updated_at" datetime);
INSERT INTO empresa_transportistas VALUES(1,'Almarza servicios transportes e izajes','14275360-K','calle de prueba  0123','SANTIAGO','98745632','contacto-prueba@gmail.com','persona de prueba','942710205',NULL,'Activo',NULL,'2025-08-05 17:31:18','2025-08-05 17:31:44');
INSERT INTO empresa_transportistas VALUES(2,'Hector Enrique Borvaran Astorga','15047588-0',NULL,NULL,NULL,NULL,NULL,NULL,NULL,'Activo',NULL,'2025-08-11 21:21:00','2025-08-11 21:21:00');
INSERT INTO empresa_transportistas VALUES(3,'Transportes José Infestas  Rementería E.I.R.L.','76052703-3',NULL,NULL,NULL,NULL,NULL,NULL,NULL,'Activo',NULL,'2025-08-11 21:21:33','2025-08-11 21:21:33');
CREATE TABLE IF NOT EXISTS "aduana_chiles" ("id" integer primary key autoincrement not null, "codigo" varchar not null, "nombre_aduana" varchar not null, "ubicacion" varchar, "region" varchar, "direccion" varchar, "telefono" varchar, "email" varchar, "estado" varchar check ("estado" in ('Activo', 'Inactivo')) not null default 'Activo', "observaciones" text, "created_at" datetime, "updated_at" datetime);
INSERT INTO aduana_chiles VALUES(1,'03','Arica',NULL,'Arica',NULL,NULL,NULL,'Activo',NULL,'2025-08-11 21:40:04','2025-08-12 21:18:49');
INSERT INTO aduana_chiles VALUES(2,'07','Iquique',NULL,'Iquique',NULL,NULL,NULL,'Activo',NULL,'2025-08-11 21:56:33','2025-08-12 21:29:38');
INSERT INTO aduana_chiles VALUES(3,'14','Antofagasta',NULL,'Antofagasta',NULL,NULL,NULL,'Activo',NULL,'2025-08-11 21:57:34','2025-08-12 21:28:55');
INSERT INTO aduana_chiles VALUES(4,'33','Santiago',NULL,'Los Andes',NULL,NULL,NULL,'Activo',NULL,'2025-08-11 22:03:43','2025-08-14 05:23:15');
INSERT INTO aduana_chiles VALUES(5,'34','Valparaíso',NULL,'Valparaíso',NULL,NULL,NULL,'Activo',NULL,'2025-08-11 22:04:01','2025-08-14 05:23:15');
INSERT INTO aduana_chiles VALUES(6,'39','San Antonio',NULL,'San Antonio',NULL,NULL,NULL,'Activo',NULL,'2025-08-11 22:04:14','2025-08-14 05:23:15');
INSERT INTO aduana_chiles VALUES(7,'48','Santiago',NULL,'Santiago',NULL,NULL,NULL,'Activo',NULL,'2025-08-11 22:04:28','2025-08-12 21:31:15');
INSERT INTO aduana_chiles VALUES(8,'55','Talcahuano',NULL,'Talcahuano',NULL,NULL,NULL,'Activo',NULL,'2025-08-11 22:04:41','2025-08-12 21:30:52');
INSERT INTO aduana_chiles VALUES(9,'69','Puerto Montt',NULL,NULL,NULL,NULL,NULL,'Activo',NULL,'2025-08-11 22:04:57','2025-08-12 21:30:12');
INSERT INTO aduana_chiles VALUES(10,'92','Punta Arenas',NULL,'Punta Arenas',NULL,NULL,NULL,'Activo',NULL,'2025-08-11 22:05:13','2025-08-12 21:30:25');
CREATE TABLE IF NOT EXISTS "lugar_depositos" ("id" integer primary key autoincrement not null, "codigo" varchar not null, "nombre_deposito" varchar not null, "direccion" varchar, "ciudad" varchar, "region" varchar, "capacidad" varchar, "telefono" varchar, "email" varchar, "operador_id" integer, "estado" varchar check ("estado" in ('Activo', 'Inactivo')) not null default 'Activo', "observaciones" text, "created_at" datetime, "updated_at" datetime, foreign key("operador_id") references "operadors"("id") on delete set null);
INSERT INTO lugar_depositos VALUES(1,'01','DyC Placilla','Bernardo OHiggins 388, Valparaíso.','Valparaíso','Valparaíso',NULL,NULL,NULL,1,'Activo',NULL,'2025-08-11 22:07:21','2025-08-11 22:08:33');
INSERT INTO lugar_depositos VALUES(2,'02','DyC San Antonio','Ruta G 94 F Nuevo Acceso al Puerto 3559 Barrio Industrial San Antonio, Valparaíso','San Antonio','Valparaíso',NULL,NULL,NULL,1,'Activo',NULL,'2025-08-11 22:08:26','2025-08-11 22:08:26');
INSERT INTO lugar_depositos VALUES(3,'03','DyC Santiago','La divisa 700, Santiago','Santiago','Santiago',NULL,NULL,NULL,1,'Activo',NULL,'2025-08-11 22:09:15','2025-08-11 22:09:25');
CREATE TABLE IF NOT EXISTS "users" ("id" integer primary key autoincrement not null, "name" varchar not null, "email" varchar not null, "email_verified_at" datetime, "phone" varchar, "location" varchar, "about" text, "password" varchar not null, "remember_token" varchar, "created_at" datetime, "updated_at" datetime, "operador_id" integer, "fotografia" varchar, "rut_usuario" varchar, "estado" varchar check ("estado" in ('Activo', 'Inactivo')) not null default 'Activo', "ultimo_movimiento" datetime, "fecha_renovacion_password" datetime, "cambio_password_requerido" tinyint(1) not null default '0', foreign key("operador_id") references "operadors"("id") on delete set null);
INSERT INTO users VALUES(1,'Admin','admin@material.com','2025-07-02 22:22:02',NULL,NULL,NULL,'$2y$12$rvF5iE6p8x99ey4I0Lxwa.tIfW3Ori6rxylNiFZ3X9WzZ3bpe0Ysa','JPKydI438S6iJJ9cXVdiHssTppUt54CTJyCfKodaJIE7rfn11FqWhJfA79hm','2025-07-02 22:22:03','2025-08-12 04:28:49',1,NULL,'10958991-8','Activo','2025-08-12 04:28:49',NULL,0);
INSERT INTO users VALUES(2,'Herbert Zapata','herbert.zapata19@gmail.com',NULL,NULL,NULL,NULL,'$2y$12$/4qtzyC9yWO/PISsktMRXeonn3U.E92DHVIC/TnHUeR4wvHZmWLT6',NULL,'2025-07-02 22:24:27','2025-08-13 19:48:59',1,NULL,NULL,'Activo','2025-08-13 19:48:59',NULL,0);
CREATE TABLE IF NOT EXISTS "tipo_contenedors" ("id" integer primary key autoincrement not null, "codigo" varchar not null, "descripcion" varchar not null, "estado" varchar not null default ('Activo'), "created_at" datetime, "updated_at" datetime, "operador_id" integer, foreign key("operador_id") references "operadors"("id") on delete set null);
INSERT INTO tipo_contenedors VALUES(1,'REE','Reefer (Refrigerado)','Activo','2025-08-11 23:35:53','2025-08-12 21:10:44',NULL);
INSERT INTO tipo_contenedors VALUES(2,'TNK','Tank (Estanque)','Activo','2025-08-11 23:36:13','2025-08-12 21:10:44',NULL);
INSERT INTO tipo_contenedors VALUES(3,'FR','Flat Rack','Activo','2025-08-11 23:36:34','2025-08-12 21:10:44',1);
INSERT INTO tipo_contenedors VALUES(4,'OT','Open Top','Activo','2025-08-11 23:36:52','2025-08-12 21:10:44',NULL);
INSERT INTO tipo_contenedors VALUES(5,'DRY','Dry (Seco)','Activo','2025-08-11 23:37:07','2025-08-12 21:10:44',1);
INSERT INTO tipo_contenedors VALUES(6,'HC','High Cube','Activo','2025-08-11 23:37:30','2025-08-12 21:10:44',NULL);
INSERT INTO tipo_contenedors VALUES(7,'RHC','Reefer High Cube','Activo','2025-08-11 23:37:47','2025-08-12 21:10:44',NULL);
CREATE TABLE IF NOT EXISTS "contenedors" ("id" integer primary key autoincrement not null, "numero_contenedor" varchar not null, "estado_contenedor" varchar not null, "estado" varchar not null default ('Activo'), "created_at" datetime, "updated_at" datetime, "tipo_contenedor_id" integer, "tamano_contenedor" varchar not null default ('20'), "tara_contenedor" integer, "anofab_contenedor" integer, "pais_id" integer, "ingreso_doc" varchar, "comentario" text, "fecha_ingreso" date, "tatc" varchar, "lugardeposito_id" integer, "aduana_ingreso_id" integer, "operador_id" integer, "rut_factura" varchar, "nombre_factura" varchar, "direccion_factura" varchar, "giro_factura" varchar, "fecha_factura" date, "orden_compra" varchar, "tipo_pago" varchar, "valor_factura" integer, "reserva_nombre" varchar, "comentario_facturacion" text, "empresa_transportista_id" integer, "rut_chofer" varchar, "patente_camion" varchar, "documento_transporte" varchar, "origen_tatc" varchar, "destino_tatc" varchar, "tatc_emisor" varchar, "tatc_ingreso" varchar, "tipo_ingreso" varchar check ("tipo_ingreso" in ('1', '2')), "eir" varchar, "comentario_tatc" text, "extra_proveedor_nombre" varchar, "extra_proveedor_factura" varchar, "extra_proveedor_valor" varchar, "extra_proveedor_fecha" date, "extra_panama_factura" varchar, "extra_panama_valor" varchar, "extra_panama_fecha" date, "extra_cym_factura" varchar, "extra_cym_valor" varchar, "extra_cym_fecha" date, "extra_boxtam_factura" varchar, "extra_boxtam_fecha" date, "extra_ciudad" varchar, "extra_tipo" varchar, "factura_oc" varchar, "factura_comentario" text, "transporte_documento" varchar, foreign key("tipo_contenedor_id") references "tipo_contenedors"("id") on delete set null, foreign key("lugardeposito_id") references "lugar_depositos"("id") on delete set null, foreign key("empresa_transportista_id") references "empresa_transportistas"("id") on delete set null, foreign key("aduana_ingreso_id") references "aduana_chiles"("id") on delete set null, foreign key("operador_id") references "operadors"("id") on delete set null);
INSERT INTO contenedors VALUES(1,'ABCD1234567','OP','Activo','2025-08-05 22:02:35','2025-08-12 00:04:27',1,'20',NULL,NULL,NULL,NULL,NULL,'2025-08-12 00:03:56',NULL,1,NULL,NULL,NULL,NULL,NULL,NULL,NULL,NULL,NULL,NULL,NULL,NULL,NULL,NULL,NULL,NULL,NULL,NULL,NULL,NULL,NULL,NULL,NULL,NULL,NULL,NULL,NULL,NULL,NULL,NULL,NULL,NULL,NULL,NULL,NULL,NULL,NULL,NULL,NULL,NULL);
INSERT INTO contenedors VALUES(2,'EFGH9876543','OP','Activo','2025-08-05 22:02:35','2025-08-12 00:04:27',1,'20',NULL,NULL,NULL,NULL,NULL,'2025-08-12 00:03:56',NULL,1,NULL,NULL,NULL,NULL,NULL,NULL,NULL,NULL,NULL,NULL,NULL,NULL,NULL,NULL,NULL,NULL,NULL,NULL,NULL,NULL,NULL,NULL,NULL,NULL,NULL,NULL,NULL,NULL,NULL,NULL,NULL,NULL,NULL,NULL,NULL,NULL,NULL,NULL,NULL,NULL);
INSERT INTO contenedors VALUES(3,'IJKL5556667','OP','Activo','2025-08-05 22:02:35','2025-08-12 00:04:27',1,'20',NULL,NULL,NULL,NULL,NULL,'2025-08-12 00:03:56',NULL,1,NULL,NULL,NULL,NULL,NULL,NULL,NULL,NULL,NULL,NULL,NULL,NULL,NULL,NULL,NULL,NULL,NULL,NULL,NULL,NULL,NULL,NULL,NULL,NULL,NULL,NULL,NULL,NULL,NULL,NULL,NULL,NULL,NULL,NULL,NULL,NULL,NULL,NULL,NULL,NULL);
CREATE TABLE IF NOT EXISTS "tatcs" ("id" integer primary key autoincrement not null, "numero_tatc" varchar not null, "numero_contenedor" varchar not null, "tipo_contenedor" varchar not null, "tara_contenedor" varchar, "estado" varchar not null default ('Pendiente'), "hermes_request" text, "hermes_response" text, "hermes_status" varchar, "hermes_message_id" varchar, "hermes_sent_at" datetime, "hermes_processed_at" datetime, "user_id" integer not null, "created_at" datetime, "updated_at" datetime, "tipo_ingreso" varchar not null, "ingreso_pais" datetime not null, "ingreso_deposito" datetime not null, "tatc_origen" varchar, "tatc_destino" varchar, "documento_ingreso" varchar, "fecha_traspaso" date not null, "tipo_bulto" varchar, "valor_fob" numeric, "comentario" text, "aduana_ingreso" varchar not null, "eir" varchar, "tamano_contenedor" varchar check ("tamano_contenedor" in ('20', '40', '45')) not null, "puerto_ingreso" varchar not null, "estado_contenedor" varchar check ("estado_contenedor" in ('OP', 'DM')) not null, "anio_fabricacion" varchar, "ubicacion_fisica" varchar not null, "valor_cif" numeric, "empresa_transportista_id" integer, "rut_chofer" varchar, "patente_camion" varchar, "documento_transporte" varchar, foreign key("user_id") references users("id") on delete cascade on update no action, foreign key("empresa_transportista_id") references "empresa_transportistas"("id"));
INSERT INTO tatcs VALUES(1,'34246000001','CAIU402611-3','DRY','3660','Pendiente',NULL,NULL,NULL,NULL,NULL,NULL,2,'2025-08-13 20:35:24','2025-08-13 23:53:51','traspaso','2022-10-17 21:10:00','2022-11-14 12:00:00','391480031849',NULL,NULL,'2022-12-21 00:00:00','74',2000,NULL,'39',NULL,'40','SAN ANTONIO','OP','2007','DyC San Antonio',2140,1,'14275360-K','BGVK-17',NULL);
INSERT INTO tatcs VALUES(2,'34246000002','CAXU985399-1','HC','3830','Pendiente',NULL,NULL,NULL,NULL,NULL,NULL,2,'2025-08-14 05:49:35','2025-08-14 05:49:35','traspaso','2017-07-08 08:30:00','2017-07-19 12:00:00','CAXU985399-1','342460000001',NULL,'2017-08-22 00:00:00','74',1350,NULL,'34',NULL,'40','valparaíso','OP','2005','DyC Placilla',1444.5,NULL,'10212850-8','SW1265','Factura 417');
CREATE TABLE IF NOT EXISTS "tatc_historials" ("id" integer primary key autoincrement not null, "tatc_id" integer not null, "user_id" integer not null, "accion" varchar not null, "detalles" text, "datos_anteriores" text, "datos_nuevos" text, "estado_anterior" varchar, "estado_nuevo" varchar, "created_at" datetime, "updated_at" datetime, foreign key("tatc_id") references "tatcs"("id") on delete cascade, foreign key("user_id") references "users"("id"));
INSERT INTO tatc_historials VALUES(1,1,2,'Modificación del Registro','Modificación realizada por Herbert Zapata. Campos modificados: Ingreso al País: "2022-10-17T21:00:00.000000Z" → "2022-10-17T21:10:00.000000Z"','{"id":1,"numero_tatc":"34246000001","numero_contenedor":"CAIU402611-3","tipo_contenedor":"DRY","tara_contenedor":"3660","estado":"Pendiente","hermes_request":null,"hermes_response":null,"hermes_status":null,"hermes_message_id":null,"hermes_sent_at":null,"hermes_processed_at":null,"user_id":2,"created_at":"2025-08-13T20:35:24.000000Z","updated_at":"2025-08-13T20:35:24.000000Z","tipo_ingreso":"traspaso","ingreso_pais":"2022-10-17T21:00:00.000000Z","ingreso_deposito":"2022-11-14T12:00:00.000000Z","tatc_origen":"391480031849","tatc_destino":null,"documento_ingreso":null,"fecha_traspaso":"2022-12-21T00:00:00.000000Z","tipo_bulto":"74","valor_fob":"2000.00","comentario":null,"aduana_ingreso":"39","eir":null,"tamano_contenedor":"40","puerto_ingreso":"SAN ANTONIO","estado_contenedor":"OP","anio_fabricacion":"2007","ubicacion_fisica":"DyC San Antonio","valor_cif":"2140.00","empresa_transportista_id":null,"rut_chofer":"14275360-K","patente_camion":"BGVK-17","documento_transporte":null}','{"id":1,"numero_tatc":"34246000001","numero_contenedor":"CAIU402611-3","tipo_contenedor":"DRY","tara_contenedor":"3660","estado":"Pendiente","hermes_request":null,"hermes_response":null,"hermes_status":null,"hermes_message_id":null,"hermes_sent_at":null,"hermes_processed_at":null,"user_id":2,"created_at":"2025-08-13T20:35:24.000000Z","updated_at":"2025-08-13T23:52:51.000000Z","tipo_ingreso":"traspaso","ingreso_pais":"2022-10-17T21:10:00.000000Z","ingreso_deposito":"2022-11-14T12:00:00.000000Z","tatc_origen":"391480031849","tatc_destino":null,"documento_ingreso":null,"fecha_traspaso":"2022-12-21T00:00:00.000000Z","tipo_bulto":"74","valor_fob":"2000.00","comentario":null,"aduana_ingreso":"39","eir":null,"tamano_contenedor":"40","puerto_ingreso":"SAN ANTONIO","estado_contenedor":"OP","anio_fabricacion":"2007","ubicacion_fisica":"DyC San Antonio","valor_cif":"2140.00","empresa_transportista_id":null,"rut_chofer":"14275360-K","patente_camion":"BGVK-17","documento_transporte":null}','Pendiente','Pendiente','2025-08-13 23:52:51','2025-08-13 23:52:51');
INSERT INTO tatc_historials VALUES(2,1,2,'Modificación del Registro','Modificación realizada por Herbert Zapata. Campos modificados: Empresa Transportista: "" → "1"','{"id":1,"numero_tatc":"34246000001","numero_contenedor":"CAIU402611-3","tipo_contenedor":"DRY","tara_contenedor":"3660","estado":"Pendiente","hermes_request":null,"hermes_response":null,"hermes_status":null,"hermes_message_id":null,"hermes_sent_at":null,"hermes_processed_at":null,"user_id":2,"created_at":"2025-08-13T20:35:24.000000Z","updated_at":"2025-08-13T23:52:51.000000Z","tipo_ingreso":"traspaso","ingreso_pais":"2022-10-17T21:10:00.000000Z","ingreso_deposito":"2022-11-14T12:00:00.000000Z","tatc_origen":"391480031849","tatc_destino":null,"documento_ingreso":null,"fecha_traspaso":"2022-12-21T00:00:00.000000Z","tipo_bulto":"74","valor_fob":"2000.00","comentario":null,"aduana_ingreso":"39","eir":null,"tamano_contenedor":"40","puerto_ingreso":"SAN ANTONIO","estado_contenedor":"OP","anio_fabricacion":"2007","ubicacion_fisica":"DyC San Antonio","valor_cif":"2140.00","empresa_transportista_id":null,"rut_chofer":"14275360-K","patente_camion":"BGVK-17","documento_transporte":null}','{"id":1,"numero_tatc":"34246000001","numero_contenedor":"CAIU402611-3","tipo_contenedor":"DRY","tara_contenedor":"3660","estado":"Pendiente","hermes_request":null,"hermes_response":null,"hermes_status":null,"hermes_message_id":null,"hermes_sent_at":null,"hermes_processed_at":null,"user_id":2,"created_at":"2025-08-13T20:35:24.000000Z","updated_at":"2025-08-13T23:53:51.000000Z","tipo_ingreso":"traspaso","ingreso_pais":"2022-10-17T21:10:00.000000Z","ingreso_deposito":"2022-11-14T12:00:00.000000Z","tatc_origen":"391480031849","tatc_destino":null,"documento_ingreso":null,"fecha_traspaso":"2022-12-21T00:00:00.000000Z","tipo_bulto":"74","valor_fob":"2000.00","comentario":null,"aduana_ingreso":"39","eir":null,"tamano_contenedor":"40","puerto_ingreso":"SAN ANTONIO","estado_contenedor":"OP","anio_fabricacion":"2007","ubicacion_fisica":"DyC San Antonio","valor_cif":"2140.00","empresa_transportista_id":"1","rut_chofer":"14275360-K","patente_camion":"BGVK-17","documento_transporte":null}','Pendiente','Pendiente','2025-08-13 23:53:51','2025-08-13 23:53:51');
INSERT INTO tatc_historials VALUES(3,2,2,'Creación del Registro','Modificación realizada por Herbert Zapata',NULL,'{"numero_tatc":"34246000002","numero_contenedor":"CAXU985399-1","tipo_contenedor":"HC","tipo_ingreso":"traspaso","ingreso_pais":"2017-07-08T08:30:00.000000Z","ingreso_deposito":"2017-07-19T12:00:00.000000Z","tatc_origen":"CAXU985399-1","tatc_destino":"342460000001","documento_ingreso":null,"fecha_traspaso":"2017-08-22T00:00:00.000000Z","tara_contenedor":"3830","tipo_bulto":"74","valor_fob":"1350.00","comentario":null,"aduana_ingreso":"34","eir":null,"tamano_contenedor":"40","puerto_ingreso":"valpara\u00edso","estado_contenedor":"OP","anio_fabricacion":"2005","ubicacion_fisica":"DyC Placilla","valor_cif":"1444.50","empresa_transportista_id":null,"rut_chofer":"10212850-8","patente_camion":"SW1265","documento_transporte":"Factura 417","estado":"Pendiente","user_id":2,"updated_at":"2025-08-14T05:49:35.000000Z","created_at":"2025-08-14T05:49:35.000000Z","id":2}',NULL,'Pendiente','2025-08-14 05:49:35','2025-08-14 05:49:35');
CREATE TABLE IF NOT EXISTS "tstc_historials" ("id" integer primary key autoincrement not null, "tstc_id" integer not null, "user_id" integer not null, "accion" varchar not null, "detalles" text not null, "datos_anteriores" text, "datos_nuevos" text, "estado_anterior" varchar, "estado_nuevo" varchar, "created_at" datetime, "updated_at" datetime, foreign key("tstc_id") references "tstcs"("id") on delete cascade, foreign key("user_id") references "users"("id") on delete cascade);
CREATE TABLE IF NOT EXISTS "salidas" ("id" integer primary key autoincrement not null, "tatc_id" integer not null, "numero_salida" varchar not null, "fecha_salida" date not null, "tipo_salida" varchar not null, "motivo_salida" varchar, "numero_contenedor" varchar not null, "tipo_contenedor" varchar not null, "estado_contenedor" varchar, "aduana_salida" varchar not null, "documento_aduana" varchar, "numero_documento" varchar, "empresa_transportista_id" integer, "rut_chofer" varchar, "patente_camion" varchar, "destino_final" varchar, "pais_destino" varchar, "observaciones" text, "estado" varchar check ("estado" in ('Pendiente', 'Aprobado', 'Rechazado', 'Cancelado')) not null default 'Pendiente', "user_id" integer not null, "created_at" datetime, "updated_at" datetime, foreign key("tatc_id") references "tatcs"("id") on delete cascade, foreign key("empresa_transportista_id") references "empresa_transportistas"("id") on delete set null, foreign key("user_id") references "users"("id") on delete cascade);
CREATE TABLE IF NOT EXISTS "tstcs" ("id" integer primary key autoincrement not null, "numero_tstc" varchar not null, "numero_contenedor" varchar not null, "tipo_contenedor" varchar not null, "tara_contenedor" varchar, "estado" varchar not null default ('Pendiente'), "observaciones" text, "user_id" integer not null, "created_at" datetime, "updated_at" datetime, "operador_id" integer not null, "fecha_emision_tstc" date not null, "destino_contenedor" varchar, "valor_fob" numeric, "comentario" text, "ingreso_deposito" date not null, "aduana_salida" varchar not null, "fecha_salida_pais" datetime not null, "tamano_contenedor" varchar not null, "estado_contenedor" varchar not null, "codigo_tipo_bulto" varchar not null, "anio_fabricacion" varchar, "empresa_transportista_id" integer, "rut_chofer" varchar, "patente_camion" varchar, "documento_transporte" varchar);
DELETE FROM sqlite_sequence;
INSERT INTO sqlite_sequence VALUES('migrations',34);
INSERT INTO sqlite_sequence VALUES('companies',2);
INSERT INTO sqlite_sequence VALUES('tickets',2);
INSERT INTO sqlite_sequence VALUES('roles',2);
INSERT INTO sqlite_sequence VALUES('permissions',7);
INSERT INTO sqlite_sequence VALUES('empresa_transportistas',3);
INSERT INTO sqlite_sequence VALUES('operadors',1);
INSERT INTO sqlite_sequence VALUES('users',2);
INSERT INTO sqlite_sequence VALUES('aduana_chiles',10);
INSERT INTO sqlite_sequence VALUES('lugar_depositos',3);
INSERT INTO sqlite_sequence VALUES('tipo_contenedors',7);
INSERT INTO sqlite_sequence VALUES('contenedors',3);
INSERT INTO sqlite_sequence VALUES('tatcs',2);
INSERT INTO sqlite_sequence VALUES('tatc_historials',3);
INSERT INTO sqlite_sequence VALUES('tstcs',0);
CREATE INDEX "jobs_queue_index" on "jobs" ("queue");
CREATE UNIQUE INDEX "failed_jobs_uuid_unique" on "failed_jobs" ("uuid");
CREATE INDEX "personal_access_tokens_tokenable_type_tokenable_id_index" on "personal_access_tokens" ("tokenable_type", "tokenable_id");
CREATE UNIQUE INDEX "personal_access_tokens_token_unique" on "personal_access_tokens" ("token");
CREATE INDEX "sessions_user_id_index" on "sessions" ("user_id");
CREATE INDEX "sessions_last_activity_index" on "sessions" ("last_activity");
CREATE UNIQUE INDEX "companies_rut_unique" on "companies" ("rut");
CREATE UNIQUE INDEX "customs_declarations_declaration_number_unique" on "customs_declarations" ("declaration_number");
CREATE UNIQUE INDEX "permissions_name_guard_name_unique" on "permissions" ("name", "guard_name");
CREATE UNIQUE INDEX "roles_name_guard_name_unique" on "roles" ("name", "guard_name");
CREATE INDEX "model_has_permissions_model_id_model_type_index" on "model_has_permissions" ("model_id", "model_type");
CREATE INDEX "model_has_roles_model_id_model_type_index" on "model_has_roles" ("model_id", "model_type");
CREATE UNIQUE INDEX "operadors_codigo_unique" on "operadors" ("codigo");
CREATE UNIQUE INDEX "empresa_transportistas_rut_empresa_unique" on "empresa_transportistas" ("rut_empresa");
CREATE UNIQUE INDEX "aduana_chiles_codigo_unique" on "aduana_chiles" ("codigo");
CREATE UNIQUE INDEX "lugar_depositos_codigo_unique" on "lugar_depositos" ("codigo");
CREATE UNIQUE INDEX "users_email_unique" on "users" ("email");
CREATE UNIQUE INDEX "tipo_contenedors_codigo_unique" on "tipo_contenedors" ("codigo");
CREATE UNIQUE INDEX "contenedors_numero_contenedor_unique" on "contenedors" ("numero_contenedor");
CREATE UNIQUE INDEX "tatcs_numero_tatc_unique" on "tatcs" ("numero_tatc");
CREATE INDEX "tstc_historials_tstc_id_index" on "tstc_historials" ("tstc_id");
CREATE INDEX "tstc_historials_user_id_index" on "tstc_historials" ("user_id");
CREATE INDEX "tstc_historials_accion_index" on "tstc_historials" ("accion");
CREATE INDEX "salidas_numero_salida_index" on "salidas" ("numero_salida");
CREATE INDEX "salidas_fecha_salida_index" on "salidas" ("fecha_salida");
CREATE INDEX "salidas_tipo_salida_index" on "salidas" ("tipo_salida");
CREATE INDEX "salidas_estado_index" on "salidas" ("estado");
CREATE UNIQUE INDEX "salidas_numero_salida_unique" on "salidas" ("numero_salida");
CREATE UNIQUE INDEX "tstcs_numero_tstc_unique" on "tstcs" ("numero_tstc");
COMMIT;
